video_id,lane,competition,extraction_quality,race_segment_confidence,total_frames,valid_frames,racing_frames,fps,status,issues
Speed_finals_Chamonix_2024_race001_poses,left,chamonix_2024,0.9092118298368298,0.6508333333333334,143,142,143,30.0,OK,none
Speed_finals_Chamonix_2024_race001_poses,right,chamonix_2024,0.8955314685314686,0.708,143,134,141,30.0,OK,none
Speed_finals_Chamonix_2024_race002_poses,left,chamonix_2024,0.9449776644995701,0.7927311708187931,312,310,157,30.0,OK,none
Speed_finals_Chamonix_2024_race002_poses,right,chamonix_2024,0.9383412754008161,0.7533651016032646,312,312,155,30.0,OK,none
Speed_finals_Chamonix_2024_race003_poses,left,chamonix_2024,0.9385746084746962,0.754298433898785,288,288,148,30.0,OK,none
Speed_finals_Chamonix_2024_race003_poses,right,chamonix_2024,0.9524852695314382,0.8099410781257528,288,288,167,30.0,OK,none
Speed_finals_Chamonix_2024_race004_poses,left,chamonix_2024,0.8941139112574078,0.610702220372097,292,287,114,30.0,OK,none
Speed_finals_Chamonix_2024_race004_poses,right,chamonix_2024,0.9437173161383465,0.774869264553386,292,292,136,30.0,OK,none
Speed_finals_Chamonix_2024_race005_poses,left,chamonix_2024,0.9422095206121953,0.7901903956160407,281,278,151,30.0,OK,none
Speed_finals_Chamonix_2024_race005_poses,right,chamonix_2024,0.9384386718441,0.8035767514333397,281,274,171,30.0,OK,none
Speed_finals_Chamonix_2024_race006_poses,left,chamonix_2024,0.9323298995750849,0.79983241881316,312,301,150,30.0,OK,none
Speed_finals_Chamonix_2024_race006_poses,right,chamonix_2024,0.9479067701242055,0.7916270804968221,312,312,137,30.0,OK,none
Speed_finals_Chamonix_2024_race007_poses,left,chamonix_2024,0.9323575557998167,0.7294302231992668,274,274,216,30.0,OK,none
Speed_finals_Chamonix_2024_race007_poses,right,chamonix_2024,0.9359870030321994,0.7585465522747826,274,272,197,30.0,OK,none
Speed_finals_Chamonix_2024_race008_poses,left,chamonix_2024,0.9453230889260572,0.8259020211317377,269,263,166,30.0,OK,none
Speed_finals_Chamonix_2024_race008_poses,right,chamonix_2024,0.9508383761429177,0.8033535045716707,269,269,161,30.0,OK,none
Speed_finals_Chamonix_2024_race009_poses,left,chamonix_2024,0.9078683069978939,0.8285535199623784,274,247,166,30.0,OK,none
Speed_finals_Chamonix_2024_race009_poses,right,chamonix_2024,0.9427283080109536,0.7855117721897998,274,272,166,30.0,OK,none
Speed_finals_Chamonix_2024_race010_poses,left,chamonix_2024,0.9513471882441479,0.8158599571650732,191,190,155,30.0,OK,none
Speed_finals_Chamonix_2024_race010_poses,right,chamonix_2024,0.967052356092343,0.8682094243693719,191,191,166,30.0,OK,none
Speed_finals_Chamonix_2024_race011_poses,left,chamonix_2024,0.9583061078023404,0.8415926320461814,239,238,166,30.0,OK,none
Speed_finals_Chamonix_2024_race011_poses,right,chamonix_2024,0.8934013249651325,0.9083333333333332,239,199,166,30.0,OK,none
Speed_finals_Chamonix_2024_race012_poses,left,chamonix_2024,0.9091221574299424,0.7990902557360297,246,226,136,30.0,OK,none
Speed_finals_Chamonix_2024_race012_poses,right,chamonix_2024,0.9006861235571939,0.7003054698385316,246,234,213,30.0,OK,none
Speed_finals_Chamonix_2024_race013_poses,left,chamonix_2024,0.9278787101620702,0.7880698645717257,209,201,166,30.0,OK,none
Speed_finals_Chamonix_2024_race013_poses,right,chamonix_2024,0.8618836056550594,0.744185140323587,209,178,166,30.0,OK,none
Speed_finals_Chamonix_2024_race014_poses,left,chamonix_2024,0.9500235646712862,0.8000942586851449,259,259,161,30.0,OK,none
Speed_finals_Chamonix_2024_race014_poses,right,chamonix_2024,0.9375266311110285,0.7887165630541526,259,254,178,30.0,OK,none
Speed_finals_Chamonix_2024_race015_poses,left,chamonix_2024,0.9655306200635283,0.8621224802541132,268,268,166,30.0,OK,none
Speed_finals_Chamonix_2024_race015_poses,right,chamonix_2024,0.9405055830855777,0.7769477054766396,268,266,180,30.0,OK,none
Speed_finals_Chamonix_2024_race016_poses,left,chamonix_2024,0.9452530422509875,0.7810121690039499,266,266,215,30.0,OK,none
Speed_finals_Chamonix_2024_race016_poses,right,chamonix_2024,0.9406289434402789,0.7700345707535966,266,265,136,30.0,OK,none
Speed_finals_Chamonix_2024_race017_poses,left,chamonix_2024,0.9528176205425081,0.8112704821700322,240,240,159,30.0,OK,none
Speed_finals_Chamonix_2024_race017_poses,right,chamonix_2024,0.9503752155666128,0.8015008622664511,240,240,157,30.0,OK,none
Speed_finals_Chamonix_2024_race018_poses,left,chamonix_2024,0.9452591147276135,0.7944592777024004,298,296,144,30.0,OK,none
Speed_finals_Chamonix_2024_race018_poses,right,chamonix_2024,0.9362886371352075,0.7451545485408297,298,298,166,30.0,OK,none
Speed_finals_Chamonix_2024_race019_poses,left,chamonix_2024,0.8977683020578882,0.6106171821729205,307,304,97,30.0,OK,none
Speed_finals_Chamonix_2024_race019_poses,right,chamonix_2024,0.9274959856044734,0.78164518020291,307,296,166,30.0,OK,none
Speed_finals_Chamonix_2024_race020_poses,left,chamonix_2024,0.877391753954087,0.5509463261611758,290,284,42,30.0,WARNING,"low_confidence(0.55), too_short(42 frames)"
Speed_finals_Chamonix_2024_race020_poses,right,chamonix_2024,0.9304124333649088,0.7561324920803246,290,285,166,30.0,OK,none
Speed_finals_Chamonix_2024_race021_poses,left,chamonix_2024,0.8666722806468283,0.7436121995103901,260,224,166,30.0,OK,none
Speed_finals_Chamonix_2024_race021_poses,right,chamonix_2024,0.9499808840895414,0.8076158440504734,260,259,192,30.0,OK,none
Speed_finals_Chamonix_2024_race022_poses,left,chamonix_2024,0.9268824212338361,0.7937365814870687,232,222,166,30.0,OK,none
Speed_finals_Chamonix_2024_race022_poses,right,chamonix_2024,0.948260882557954,0.7930435302318162,232,232,180,30.0,OK,none
Speed_finals_Chamonix_2024_race023_poses,left,chamonix_2024,0.6594749889051238,0.7555470144440246,272,120,181,30.0,WARNING,low_extraction_quality(0.66)
Speed_finals_Chamonix_2024_race023_poses,right,chamonix_2024,0.9435939515619759,0.825846394483198,272,265,186,30.0,OK,none
Speed_finals_Chamonix_2024_race024_poses,left,chamonix_2024,0.9606835544235494,0.8427342176941974,222,222,166,30.0,OK,none
Speed_finals_Chamonix_2024_race024_poses,right,chamonix_2024,0.9348832916110766,0.7395331664443067,222,222,180,30.0,OK,none
Speed_finals_Chamonix_2024_race025_poses,left,chamonix_2024,0.9297404521579045,0.7316200364797192,316,314,166,30.0,OK,none
Speed_finals_Chamonix_2024_race025_poses,right,chamonix_2024,0.7861146563755314,0.8153447014514924,316,210,166,30.0,OK,none
Speed_finals_Chamonix_2024_race026_poses,left,chamonix_2024,0.9411677171484661,0.7782763107707354,294,292,166,30.0,OK,none
Speed_finals_Chamonix_2024_race026_poses,right,chamonix_2024,0.8706736975790367,0.7684090760304322,294,252,166,30.0,OK,none
Speed_finals_Chamonix_2024_race027_poses,left,chamonix_2024,0.9442597300011473,0.793038920004589,250,248,151,30.0,OK,none
Speed_finals_Chamonix_2024_race027_poses,right,chamonix_2024,0.955536729178759,0.8301469167150358,250,249,197,30.0,OK,none
Speed_finals_Chamonix_2024_race028_poses,left,chamonix_2024,0.9493298208475393,0.8137127260131077,244,242,177,30.0,OK,none
Speed_finals_Chamonix_2024_race028_poses,right,chamonix_2024,0.9503644233235197,0.809654414605554,244,243,166,30.0,OK,none
Speed_finals_Chamonix_2024_race029_poses,left,chamonix_2024,0.9297667417786721,0.8044762197837274,281,269,213,30.0,OK,none
Speed_finals_Chamonix_2024_race029_poses,right,chamonix_2024,0.8710485473043791,0.6194255059434952,281,262,120,30.0,OK,none
Speed_finals_Chamonix_2024_race030_poses,left,chamonix_2024,0.9332809901660435,0.7825066767135568,243,237,166,30.0,OK,none
Speed_finals_Chamonix_2024_race030_poses,right,chamonix_2024,0.9240380658436214,0.8772222222222222,243,221,209,30.0,OK,none
Speed_finals_Chamonix_2024_race031_poses,right,chamonix_2024,0.9375928288665533,0.7503713154662129,275,275,211,30.0,OK,none
Speed_finals_Chamonix_2024_race032_poses,left,chamonix_2024,0.6523131448555696,0.7811414093036732,269,137,166,30.0,WARNING,low_extraction_quality(0.65)
Speed_finals_Chamonix_2024_race032_poses,right,chamonix_2024,0.9386349855419949,0.7619748864058975,269,268,148,30.0,OK,none
Speed_finals_Innsbruck_2024_race001_poses,left,innsbruck_2024,0.8973857310727489,0.7410580758061469,660,610,166,30.0,OK,none
Speed_finals_Innsbruck_2024_race001_poses,right,innsbruck_2024,0.8738369563981123,0.792317522562146,660,562,166,30.0,OK,none
Speed_finals_Innsbruck_2024_race002_poses,left,innsbruck_2024,0.9483092857821429,0.7981754147335098,405,404,166,30.0,OK,none
Speed_finals_Innsbruck_2024_race002_poses,right,innsbruck_2024,0.8680259276685474,0.8622271674643128,405,326,188,30.0,OK,none
Speed_finals_Innsbruck_2024_race003_poses,left,innsbruck_2024,0.9532224604611995,0.8128898418447981,257,257,178,30.0,OK,none
Speed_finals_Innsbruck_2024_race003_poses,right,innsbruck_2024,0.957782286874659,0.8311291474986361,257,257,164,30.0,OK,none
Speed_finals_Innsbruck_2024_race004_poses,left,innsbruck_2024,0.9020300431546381,0.7917679713606905,795,722,149,30.0,OK,none
Speed_finals_Innsbruck_2024_race004_poses,right,innsbruck_2024,0.7468553459119497,0.4,795,631,791,30.0,WARNING,"low_confidence(0.40), too_long(791 frames)"
Speed_finals_Innsbruck_2024_race005_poses,left,innsbruck_2024,0.9137296802259348,0.8984784398732947,427,375,166,30.0,OK,none
Speed_finals_Innsbruck_2024_race005_poses,right,innsbruck_2024,0.8878357508409146,0.7386966333402393,427,387,193,30.0,OK,none
Speed_finals_Innsbruck_2024_race006_poses,left,innsbruck_2024,0.8409603958683048,0.8545082501398863,375,283,136,30.0,OK,none
Speed_finals_Innsbruck_2024_race006_poses,right,innsbruck_2024,0.9254970473295957,0.781988189318383,375,360,166,30.0,OK,none
Speed_finals_Innsbruck_2024_race007_poses,left,innsbruck_2024,0.930520298713691,0.7887478615214306,390,377,145,30.0,OK,none
Speed_finals_Innsbruck_2024_race007_poses,right,innsbruck_2024,0.9283486471809639,0.7441638194930863,390,384,220,30.0,OK,none
Speed_finals_Innsbruck_2024_race008_poses,left,innsbruck_2024,0.9770833333333333,0.9083333333333332,345,345,166,30.0,OK,none
Speed_finals_Innsbruck_2024_race008_poses,right,innsbruck_2024,0.9462009081223788,0.79060073393879,345,344,166,30.0,OK,none
Speed_finals_Innsbruck_2024_race009_poses,left,innsbruck_2024,0.9213692130406524,0.7299212966070542,315,308,136,30.0,OK,none
Speed_finals_Innsbruck_2024_race009_poses,right,innsbruck_2024,0.9387561211147154,0.8058181352525123,315,307,144,30.0,OK,none
Speed_finals_Innsbruck_2024_race010_poses,left,innsbruck_2024,0.9016441922777977,0.8530414155758376,495,434,170,30.0,OK,none
Speed_finals_Innsbruck_2024_race010_poses,right,innsbruck_2024,0.7787879394878896,0.7777780205778208,495,331,138,30.0,OK,none
Speed_finals_Innsbruck_2024_race011_poses,left,innsbruck_2024,0.8445212013121756,0.8272076122662461,570,442,169,30.0,OK,none
Speed_finals_Innsbruck_2024_race011_poses,right,innsbruck_2024,0.8344048223896668,0.7937596404358606,570,440,170,30.0,OK,none
Speed_finals_Innsbruck_2024_race012_poses,left,innsbruck_2024,0.8736816972928074,0.8462419406863814,495,408,166,30.0,OK,none
Speed_finals_Innsbruck_2024_race012_poses,right,innsbruck_2024,0.8357491166685814,0.8318853555632146,495,374,158,30.0,OK,none
Speed_finals_Innsbruck_2024_race013_poses,left,innsbruck_2024,0.9425244869071615,0.7834312809619798,450,447,205,30.0,OK,none
Speed_finals_Innsbruck_2024_race013_poses,right,innsbruck_2024,0.9591357146891603,0.8365428587566409,450,450,166,30.0,OK,none
Speed_finals_Innsbruck_2024_race014_poses,left,innsbruck_2024,0.883974652149823,0.842071448105465,405,343,168,30.0,OK,none
Speed_finals_Innsbruck_2024_race014_poses,right,innsbruck_2024,0.9365706063937055,0.7561589687846983,405,403,137,30.0,OK,none
Speed_finals_Innsbruck_2024_race015_poses,left,innsbruck_2024,0.8808230748208504,0.7034724794635817,555,505,220,30.0,OK,none
Speed_finals_Innsbruck_2024_race015_poses,right,innsbruck_2024,0.8532340726643318,0.8021254798465164,555,447,166,30.0,OK,none
Speed_finals_Innsbruck_2024_race016_poses,left,innsbruck_2024,0.7999779320403677,0.7294355376852802,525,386,142,30.0,OK,none
Speed_finals_Innsbruck_2024_race016_poses,right,innsbruck_2024,0.9308951869262849,0.8340569381813302,525,496,181,30.0,OK,none
Speed_finals_Innsbruck_2024_race017_poses,left,innsbruck_2024,0.9185717548263734,0.8903789733284819,435,388,148,30.0,OK,none
Speed_finals_Innsbruck_2024_race017_poses,right,innsbruck_2024,0.7678879310344827,0.9083333333333332,435,253,166,30.0,OK,none
Speed_finals_Innsbruck_2024_race018_poses,left,innsbruck_2024,0.8899418576869188,0.7519242934927736,510,461,144,30.0,OK,none
Speed_finals_Innsbruck_2024_race018_poses,right,innsbruck_2024,0.9450369326668147,0.7840692992947095,510,509,137,30.0,OK,none
Speed_finals_Innsbruck_2024_race019_poses,left,innsbruck_2024,0.8962500000000001,0.9016666666666667,360,303,187,30.0,OK,none
Speed_finals_Innsbruck_2024_race019_poses,right,innsbruck_2024,0.9354030249741334,0.7805009887854225,360,353,174,30.0,OK,none
Speed_finals_Innsbruck_2024_race020_poses,left,innsbruck_2024,0.9255254191020309,0.8596774339838809,495,456,162,30.0,OK,none
Speed_finals_Innsbruck_2024_race020_poses,right,innsbruck_2024,0.865485177154672,0.8174962641742436,495,407,219,30.0,OK,none
Speed_finals_Innsbruck_2024_race021_poses,left,innsbruck_2024,0.9433010392308246,0.7790012583725737,345,344,140,30.0,OK,none
Speed_finals_Innsbruck_2024_race021_poses,right,innsbruck_2024,0.8753633053587241,0.849279308391418,345,285,174,30.0,OK,none
Speed_finals_Innsbruck_2024_race022_poses,left,innsbruck_2024,0.7840157834641509,0.8402298005232703,480,311,166,30.0,OK,none
Speed_finals_Innsbruck_2024_race022_poses,right,innsbruck_2024,0.7966622345207338,0.8324822714162684,480,325,166,30.0,OK,none
Speed_finals_Innsbruck_2024_race023_poses,left,innsbruck_2024,0.802956561444257,0.8632257368711754,393,265,176,30.0,OK,none
Speed_finals_Innsbruck_2024_race023_poses,right,innsbruck_2024,0.9300013220158719,0.7200052880634876,393,393,209,30.0,OK,none
Speed_finals_Innsbruck_2024_race024_poses,left,innsbruck_2024,0.8463761881990877,0.9050449826814085,435,322,168,30.0,OK,none
Speed_finals_Innsbruck_2024_race024_poses,right,innsbruck_2024,0.9048882090312437,0.7712769740560089,435,402,171,30.0,OK,none
Speed_finals_Innsbruck_2024_race025_poses,left,innsbruck_2024,0.927058446228863,0.712274188955856,495,494,220,30.0,OK,none
Speed_finals_Innsbruck_2024_race025_poses,right,innsbruck_2024,0.9454871436753106,0.8021505949032625,495,490,173,30.0,OK,none
Speed_finals_Innsbruck_2024_race026_poses,left,innsbruck_2024,0.8484483617309334,0.7493490024792893,360,296,191,30.0,OK,none
Speed_finals_Innsbruck_2024_race026_poses,right,innsbruck_2024,0.943633836332158,0.7856464564397433,360,358,166,30.0,OK,none
Speed_finals_Innsbruck_2024_race027_poses,left,innsbruck_2024,0.869123996524729,0.8604959860989162,375,303,166,30.0,OK,none
Speed_finals_Innsbruck_2024_race027_poses,right,innsbruck_2024,0.9132133091106746,0.8128532364426985,375,345,166,30.0,OK,none
Speed_finals_Innsbruck_2024_race028_poses,left,innsbruck_2024,0.8748734833942411,0.863938378021409,450,368,176,30.0,OK,none
Speed_finals_Innsbruck_2024_race028_poses,right,innsbruck_2024,0.8772783597668485,0.6646689946229498,450,415,221,30.0,OK,none
Speed_finals_Innsbruck_2024_race029_poses,left,innsbruck_2024,0.9065924768712831,0.7597032408184655,450,420,153,30.0,OK,none
Speed_finals_Innsbruck_2024_race029_poses,right,innsbruck_2024,0.9030373502202974,0.8610382897700783,450,394,166,30.0,OK,none
Speed_finals_Innsbruck_2024_race030_poses,left,innsbruck_2024,0.85568354685855,0.7227341874341996,540,459,208,30.0,OK,none
Speed_finals_Innsbruck_2024_race030_poses,right,innsbruck_2024,0.9318404749639974,0.7532878257819157,540,533,215,30.0,OK,none
Speed_finals_Innsbruck_2024_race031_poses,left,innsbruck_2024,0.9506862816267242,0.8027451265068967,270,270,166,30.0,OK,none
Speed_finals_Innsbruck_2024_race031_poses,right,innsbruck_2024,0.9595022998566917,0.8380091994267668,270,270,167,30.0,OK,none
Speed_finals_Innsbruck_2024_race032_poses,left,innsbruck_2024,0.7505863284468614,0.8220984002071985,405,239,166,30.0,OK,none
Speed_finals_Innsbruck_2024_race032_poses,right,innsbruck_2024,0.8482789829830125,0.8622517344011863,405,310,155,30.0,OK,none
Speed_finals_Seoul_2024_race001_poses,left,seoul_2024,0.9335364094867643,0.7758123046137242,288,282,166,29.97002997002997,OK,none
Speed_finals_Seoul_2024_race001_poses,right,seoul_2024,0.9450470482306987,0.7871326373672395,288,287,154,29.97002997002997,OK,none
Speed_finals_Seoul_2024_race002_poses,left,seoul_2024,0.9485511329269187,0.8007404794200933,306,305,163,29.97002997002997,OK,none
Speed_finals_Seoul_2024_race002_poses,right,seoul_2024,0.9472137093110435,0.788854837244174,306,306,157,29.97002997002997,OK,none
Speed_finals_Seoul_2024_race003_poses,left,seoul_2024,0.9392058325217925,0.75682333008717,317,317,225,29.97002997002997,OK,none
Speed_finals_Seoul_2024_race003_poses,right,seoul_2024,0.9418128699176636,0.798797220995575,317,312,154,29.97002997002997,OK,none
Speed_finals_Seoul_2024_race004_poses,left,seoul_2024,0.939228132085952,0.8059922829450349,326,318,163,29.97002997002997,OK,none
Speed_finals_Seoul_2024_race004_poses,right,seoul_2024,0.7316845603271983,0.9083333333333332,326,166,166,29.97002997002997,OK,none
Speed_finals_Seoul_2024_race005_poses,left,seoul_2024,0.9300212436445198,0.7596889349741186,303,297,152,29.97002997002997,OK,none
Speed_finals_Seoul_2024_race005_poses,right,seoul_2024,0.9359018495305028,0.7436073981220112,303,303,218,29.97002997002997,OK,none
Speed_finals_Seoul_2024_race006_poses,left,seoul_2024,0.9432824605627054,0.7798188054615238,299,298,166,29.97002997002997,OK,none
Speed_finals_Seoul_2024_race006_poses,right,seoul_2024,0.9474892415085273,0.7899569660341094,299,299,166,29.97002997002997,OK,none
Speed_finals_Seoul_2024_race007_poses,left,seoul_2024,0.9314604268626685,0.7515486483247099,389,384,214,29.97002997002997,OK,none
Speed_finals_Seoul_2024_race007_poses,right,seoul_2024,0.9461360097093543,0.7896854270122241,389,388,171,29.97002997002997,OK,none
Speed_finals_Seoul_2024_race008_poses,left,seoul_2024,0.9551695681614949,0.825451542335717,419,418,159,29.97002997002997,OK,none
Speed_finals_Seoul_2024_race008_poses,right,seoul_2024,0.9341021058426288,0.8032341990268396,419,405,171,29.97002997002997,OK,none
Speed_finals_Seoul_2024_race009_poses,left,seoul_2024,0.9527483134452852,0.8109932537811408,305,305,147,29.97002997002997,OK,none
Speed_finals_Seoul_2024_race009_poses,right,seoul_2024,0.9573430815644067,0.829372326257627,305,305,174,29.97002997002997,OK,none
Speed_finals_Seoul_2024_race010_poses,left,seoul_2024,0.9370451946989083,0.7580329955444021,406,404,166,29.97002997002997,OK,none
Speed_finals_Seoul_2024_race010_poses,right,seoul_2024,0.9326985887148665,0.7603510051057712,406,400,166,29.97002997002997,OK,none
Speed_finals_Seoul_2024_race011_poses,left,seoul_2024,0.951006986612025,0.8040279464480999,299,299,190,29.97002997002997,OK,none
Speed_finals_Seoul_2024_race011_poses,right,seoul_2024,0.822064671078117,0.7899309251151437,299,224,166,29.97002997002997,OK,none
Speed_finals_Seoul_2024_race012_poses,left,seoul_2024,0.9407562005452319,0.7715718107279359,234,233,166,29.97002997002997,OK,none
Speed_finals_Seoul_2024_race012_poses,right,seoul_2024,0.9488825812796854,0.80407733366575,234,233,166,29.97002997002997,OK,none
Speed_finals_Seoul_2024_race013_poses,left,seoul_2024,0.9444702920116911,0.7778811680467644,403,403,144,29.97002997002997,OK,none
Speed_finals_Seoul_2024_race013_poses,right,seoul_2024,0.9543208323973175,0.8222461087455978,403,402,166,29.97002997002997,OK,none
Speed_finals_Seoul_2024_race014_poses,left,seoul_2024,0.9648611111111112,0.8594444444444446,251,251,225,29.97002997002997,OK,none
Speed_finals_Seoul_2024_race014_poses,right,seoul_2024,0.9312766467880219,0.7330747146421276,251,250,218,29.97002997002997,OK,none
Speed_finals_Seoul_2024_race015_poses,left,seoul_2024,0.9560946587623171,0.8293047434236529,406,405,182,29.97002997002997,OK,none
Speed_finals_Seoul_2024_race015_poses,right,seoul_2024,0.8490045155993431,0.9083333333333332,406,302,166,29.97002997002997,OK,none
Speed_finals_Seoul_2024_race016_poses,left,seoul_2024,0.9500445419839612,0.8555414897351525,289,281,166,29.97002997002997,OK,none
Speed_finals_Seoul_2024_race016_poses,right,seoul_2024,0.8460136358844839,0.8823244397317072,289,217,166,29.97002997002997,OK,none
Speed_finals_Seoul_2024_race017_poses,left,seoul_2024,0.9482600787710257,0.7930403150841029,396,396,185,29.97002997002997,OK,none
Speed_finals_Seoul_2024_race017_poses,right,seoul_2024,0.9516142601540298,0.8115075456666245,396,395,153,29.97002997002997,OK,none
Speed_finals_Seoul_2024_race018_poses,left,seoul_2024,0.9488440560525485,0.8023448653251767,287,286,159,29.97002997002997,OK,none
Speed_finals_Seoul_2024_race018_poses,right,seoul_2024,0.942171335115032,0.7756539815751108,287,286,166,29.97002997002997,OK,none
Speed_finals_Seoul_2024_race019_poses,left,seoul_2024,0.9327778973605808,0.7884032561089903,384,373,214,29.97002997002997,OK,none
Speed_finals_Seoul_2024_race019_poses,right,seoul_2024,0.9462041689529702,0.790025009145214,384,383,222,29.97002997002997,OK,none
Speed_finals_Seoul_2024_race020_poses,left,seoul_2024,0.9633204234278115,0.8532816937112462,270,270,166,29.97002997002997,OK,none
Speed_finals_Seoul_2024_race020_poses,right,seoul_2024,0.9494432934494966,0.8125879886128016,270,268,158,29.97002997002997,OK,none
Speed_finals_Seoul_2024_race021_poses,left,seoul_2024,0.9445167561273378,0.7780670245093511,276,276,143,29.97002997002997,OK,none
Speed_finals_Seoul_2024_race021_poses,right,seoul_2024,0.9487678400432547,0.8530423746657726,276,268,154,29.97002997002997,OK,none
Speed_finals_Seoul_2024_race022_poses,left,seoul_2024,0.9519533553800426,0.8172920945059525,211,210,158,29.97002997002997,OK,none
Speed_finals_Seoul_2024_race022_poses,right,seoul_2024,0.9337397517163996,0.7918310447802902,211,205,190,29.97002997002997,OK,none
Speed_finals_Seoul_2024_race023_poses,left,seoul_2024,0.9658573890174322,0.8634295560697288,219,219,202,29.97002997002997,OK,none
Speed_finals_Seoul_2024_race023_poses,right,seoul_2024,0.9514464955224655,0.8057859820898622,219,219,165,29.97002997002997,OK,none
Speed_finals_Seoul_2024_race024_poses,left,seoul_2024,0.9452968453190248,0.8209883763009745,402,394,139,29.97002997002997,OK,none
Speed_finals_Seoul_2024_race024_poses,right,seoul_2024,0.9440425961240662,0.7811455088743741,402,401,136,29.97002997002997,OK,none
Speed_finals_Seoul_2024_race025_poses,left,seoul_2024,0.9542950382500075,0.8171801530000301,464,464,186,29.97002997002997,OK,none
Speed_finals_Seoul_2024_race025_poses,right,seoul_2024,0.9248411090909817,0.7036747811915132,464,463,224,29.97002997002997,OK,none
Speed_finals_Seoul_2024_race026_poses,left,seoul_2024,0.9490397964745978,0.7961591858983913,288,288,158,29.97002997002997,OK,none
Speed_finals_Seoul_2024_race026_poses,right,seoul_2024,0.9576266405969381,0.8374510068321971,288,287,166,29.97002997002997,OK,none
Speed_finals_Seoul_2024_race027_poses,left,seoul_2024,0.833154761904762,0.8961111111111112,252,181,140,29.97002997002997,OK,none
Speed_finals_Seoul_2024_race027_poses,right,seoul_2024,0.959556432189585,0.83822572875834,252,252,170,29.97002997002997,OK,none
Speed_finals_Seoul_2024_race028_poses,left,seoul_2024,0.943331579491676,0.7733263179667039,381,381,146,29.97002997002997,OK,none
Speed_finals_Seoul_2024_race028_poses,right,seoul_2024,0.9491446171602373,0.8018278124729701,381,380,148,29.97002997002997,OK,none
Speed_finals_Seoul_2024_race029_poses,left,seoul_2024,0.9683341383651811,0.8733365534607244,283,283,173,29.97002997002997,OK,none
Speed_finals_Seoul_2024_race029_poses,right,seoul_2024,0.8516416372202591,0.9083333333333332,283,212,166,29.97002997002997,OK,none
Speed_finals_Seoul_2024_race030_poses,left,seoul_2024,0.9271709052165024,0.7817733218626876,301,290,192,29.97002997002997,OK,none
Speed_finals_Seoul_2024_race030_poses,right,seoul_2024,0.9426285359922516,0.7904476987862822,301,298,154,29.97002997002997,OK,none
Speed_finals_Seoul_2024_race031_poses,left,seoul_2024,0.9368837451216503,0.7475349804866013,264,264,221,29.97002997002997,OK,none
Speed_finals_Seoul_2024_race031_poses,right,seoul_2024,0.9567115490229037,0.8268461960916146,264,264,166,29.97002997002997,OK,none
Speed_finals_Villars_2024_race001_poses,left,villars_2024,0.9159263404139177,0.7621902101405196,264,251,202,30.0,OK,none
Speed_finals_Villars_2024_race001_poses,right,villars_2024,0.9236788972429217,0.7628974071535052,264,255,211,30.0,OK,none
Speed_finals_Villars_2024_race002_poses,left,villars_2024,0.964218919479107,0.8633272908196536,310,309,161,30.0,OK,none
Speed_finals_Villars_2024_race002_poses,right,villars_2024,0.8708589320234841,0.8060163732552265,310,260,150,30.0,OK,none
Speed_finals_Villars_2024_race003_poses,left,villars_2024,0.9423493450194294,0.7693973800777175,245,245,166,30.0,OK,none
Speed_finals_Villars_2024_race003_poses,right,villars_2024,0.9398564732693995,0.8084054849143324,245,239,168,30.0,OK,none
Speed_finals_Villars_2024_race004_poses,left,villars_2024,0.9131176846667626,0.8808171953599637,254,225,192,30.0,OK,none
Speed_finals_Villars_2024_race004_poses,right,villars_2024,0.9443777596305553,0.7853850542702525,254,253,136,30.0,OK,none
Speed_finals_Villars_2024_race005_poses,left,villars_2024,0.9240615371250145,0.8329982852521947,234,218,196,30.0,OK,none
Speed_finals_Villars_2024_race005_poses,right,villars_2024,0.8852029914529914,0.9083333333333332,234,191,166,30.0,OK,none
Speed_finals_Villars_2024_race006_poses,left,villars_2024,0.9462607820369842,0.7850431281479366,240,240,193,30.0,OK,none
Speed_finals_Villars_2024_race006_poses,right,villars_2024,0.8625,0.9083333333333332,240,185,166,30.0,OK,none
Speed_finals_Villars_2024_race007_poses,left,villars_2024,0.9109399386394575,0.8068803219337167,282,259,166,30.0,OK,none
Speed_finals_Villars_2024_race007_poses,right,villars_2024,0.9228091934650532,0.7692509582573755,282,271,136,30.0,OK,none
Speed_finals_Villars_2024_race008_poses,left,villars_2024,0.8409716037686908,0.7981721293604775,350,274,166,30.0,OK,none
Speed_finals_Villars_2024_race008_poses,right,villars_2024,0.7952579365079365,0.923888888888889,350,220,167,30.0,OK,none
Speed_finals_Villars_2024_race009_poses,left,villars_2024,0.9508239043259007,0.8092303354044931,337,336,159,30.0,OK,none
Speed_finals_Villars_2024_race009_poses,right,villars_2024,0.9431780681785474,0.78458170891597,337,335,166,30.0,OK,none
Speed_finals_Villars_2024_race010_poses,left,villars_2024,0.9327713275895276,0.7914879949218688,298,289,154,30.0,OK,none
Speed_finals_Villars_2024_race010_poses,right,villars_2024,0.9440459679217105,0.776183871686842,298,298,182,30.0,OK,none
Speed_finals_Villars_2024_race011_poses,left,villars_2024,0.9241824429331728,0.8116723004683234,348,328,153,30.0,OK,none
Speed_finals_Villars_2024_race011_poses,right,villars_2024,0.9478944668352354,0.7973249937777228,348,347,145,30.0,OK,none
Speed_finals_Villars_2024_race012_poses,left,villars_2024,0.9299842516972056,0.7741742949244156,295,287,144,30.0,OK,none
Speed_finals_Villars_2024_race012_poses,right,villars_2024,0.9259207954572704,0.7647001309816237,295,286,139,30.0,OK,none
Speed_finals_Villars_2024_race013_poses,left,villars_2024,0.9313530775025202,0.7650948496926203,252,247,136,30.0,OK,none
Speed_finals_Villars_2024_race013_poses,right,villars_2024,0.9388612749447984,0.818937163271257,252,244,166,30.0,OK,none
Speed_finals_Villars_2024_race014_poses,left,villars_2024,0.8227366727631229,0.8805881253154396,251,177,166,30.0,OK,none
Speed_finals_Villars_2024_race014_poses,right,villars_2024,0.9087249858877287,0.8022306208417511,251,230,184,30.0,OK,none
Speed_finals_Villars_2024_race015_poses,left,villars_2024,0.8974169723288736,0.7903151385064332,309,278,166,30.0,OK,none
Speed_finals_Villars_2024_race015_poses,right,villars_2024,0.9326779215252872,0.7954366051949996,309,299,166,30.0,OK,none
Speed_finals_Villars_2024_race016_poses,left,villars_2024,0.6450520833333333,0.9083333333333332,256,86,166,30.0,WARNING,low_extraction_quality(0.65)
Speed_finals_Villars_2024_race016_poses,right,villars_2024,0.9489186622216109,0.8112996488864436,256,254,166,30.0,OK,none
Speed_finals_Villars_2024_race017_poses,left,villars_2024,0.9480190803373654,0.7920763213494616,293,293,158,30.0,OK,none
Speed_finals_Villars_2024_race017_poses,right,villars_2024,0.9354922071055523,0.748794766988762,293,292,154,30.0,OK,none
Speed_finals_Villars_2024_race018_poses,left,villars_2024,0.9112064518378393,0.7714924740180243,300,281,192,30.0,OK,none
Speed_finals_Villars_2024_race018_poses,right,villars_2024,0.9174843866394774,0.7699375465579097,300,285,136,30.0,OK,none
Speed_finals_Villars_2024_race019_poses,left,villars_2024,0.9180053207933248,0.7848739477501018,319,301,166,30.0,OK,none
Speed_finals_Villars_2024_race019_poses,right,villars_2024,0.9430008421972002,0.8221601086007131,319,311,163,30.0,OK,none
Speed_finals_Villars_2024_race020_poses,left,villars_2024,0.9483385020040263,0.8186065332686301,396,391,159,30.0,OK,none
Speed_finals_Villars_2024_race021_poses,left,villars_2024,0.9359184972582171,0.7961521231436554,343,334,163,30.0,OK,none
Speed_finals_Villars_2024_race022_poses,left,villars_2024,0.6979901960784314,0.89,306,138,166,30.0,WARNING,low_extraction_quality(0.70)
Speed_finals_Villars_2024_race022_poses,right,villars_2024,0.9237498524295494,0.8453262071038186,306,283,166,30.0,OK,none
Speed_finals_Villars_2024_race023_poses,left,villars_2024,0.917012191830698,0.8102709895450143,450,418,166,30.0,OK,none
Speed_finals_Villars_2024_race023_poses,right,villars_2024,0.9154145643595862,0.719436035216123,450,437,166,30.0,OK,none
Speed_finals_Villars_2024_race024_poses,left,villars_2024,0.8963775995435946,0.7732655002151949,245,222,166,30.0,OK,none
Speed_finals_Villars_2024_race024_poses,right,villars_2024,0.9395398246864879,0.7581592987459516,245,245,202,30.0,OK,none
Speed_finals_Zilina_2025_race001_poses,left,zilina_2025,0.8411661052914604,0.7828462393476595,660,522,209,30.0,OK,none
Speed_finals_Zilina_2025_race001_poses,right,zilina_2025,0.6986753563777488,0.767428698238268,660,339,151,30.0,WARNING,low_extraction_quality(0.70)
Speed_finals_Zilina_2025_race002_poses,left,zilina_2025,0.8235701160274885,0.7855085342853925,570,430,193,30.0,OK,none
Speed_finals_Zilina_2025_race002_poses,right,zilina_2025,0.7482234296371665,0.8349989817065605,570,330,212,30.0,OK,none
Speed_finals_Zilina_2025_race003_poses,left,zilina_2025,0.7322438407902103,0.7851157140380343,570,326,150,30.0,OK,none
Speed_finals_Zilina_2025_race003_poses,right,zilina_2025,0.7763960355867698,0.796812212522518,570,373,165,30.0,OK,none
Speed_finals_Zilina_2025_race004_poses,left,zilina_2025,0.7772153900907052,0.7683853698866304,840,663,166,30.0,OK,none
Speed_finals_Zilina_2025_race005_poses,left,zilina_2025,0.7761285193425672,0.7096422824984742,780,544,166,30.0,OK,none
Speed_finals_Zilina_2025_race005_poses,right,zilina_2025,0.7206865768238845,0.7006950252442555,780,461,223,30.0,OK,none
Speed_finals_Zilina_2025_race006_poses,left,zilina_2025,0.7524105705710764,0.735832758474782,840,535,166,30.0,OK,none
Speed_finals_Zilina_2025_race006_poses,right,zilina_2025,0.7137180268445239,0.7120149645209529,840,540,166,30.0,OK,none
Speed_finals_Zilina_2025_race007_poses,left,zilina_2025,0.8467423464944043,0.7795619785702096,810,651,174,30.0,OK,none
Speed_finals_Zilina_2025_race007_poses,right,zilina_2025,0.6485852522843378,0.7918718733348824,810,325,166,30.0,WARNING,low_extraction_quality(0.65)
Speed_finals_Zilina_2025_race008_poses,left,zilina_2025,0.7899038310682837,0.781837546495357,630,434,166,30.0,OK,none
Speed_finals_Zilina_2025_race008_poses,right,zilina_2025,0.8449388155493572,0.8051520875942545,630,496,173,30.0,OK,none
Speed_finals_Zilina_2025_race009_poses,left,zilina_2025,0.7667763157894737,0.8916666666666667,570,335,196,30.0,OK,none
Speed_finals_Zilina_2025_race009_poses,right,zilina_2025,0.7299451211364391,0.7829383792825984,570,324,166,30.0,OK,none
Speed_finals_Zilina_2025_race010_poses,left,zilina_2025,0.741195328904571,0.7994479822849505,750,437,166,30.0,OK,none
Speed_finals_Zilina_2025_race010_poses,right,zilina_2025,0.6966358692112656,0.7252101435117292,750,398,154,30.0,WARNING,low_extraction_quality(0.70)
Speed_finals_Zilina_2025_race011_poses,left,zilina_2025,0.8435984848484848,0.8683333333333333,660,497,217,30.0,OK,none
Speed_finals_Zilina_2025_race011_poses,right,zilina_2025,0.7503525418652203,0.8317131977639111,660,386,166,30.0,OK,none
Speed_finals_Zilina_2025_race012_poses,left,zilina_2025,0.7012120444096545,0.7923481776386175,480,243,136,30.0,OK,none
Speed_finals_Zilina_2025_race012_poses,right,zilina_2025,0.7753749999999999,0.8806666666666667,480,293,188,30.0,OK,none
Speed_finals_Zilina_2025_race013_poses,left,zilina_2025,0.7759194455431058,0.7496547936666761,870,589,166,30.0,OK,none
Speed_finals_Zilina_2025_race013_poses,right,zilina_2025,0.7739015589225096,0.7484797989084288,870,586,166,30.0,OK,none
Speed_finals_Zilina_2025_race014_poses,left,zilina_2025,0.8003562381654256,0.7630916193283688,1200,863,166,30.0,OK,none
Speed_finals_Zilina_2025_race014_poses,right,zilina_2025,0.74394239442104,0.7357695776841598,1200,744,166,30.0,OK,none
Speed_finals_Zilina_2025_race015_poses,left,zilina_2025,0.7691504042790895,0.7413635218782629,1050,701,166,30.0,OK,none
Speed_finals_Zilina_2025_race015_poses,right,zilina_2025,0.633696963084543,0.8395497571000772,1050,365,166,30.0,WARNING,low_extraction_quality(0.63)
Speed_finals_Zilina_2025_race016_poses,left,zilina_2025,0.8146668604497647,0.8313947145263313,660,471,166,30.0,OK,none
Speed_finals_Zilina_2025_race016_poses,right,zilina_2025,0.7540280384462863,0.8464151840881752,660,386,166,30.0,OK,none
Speed_finals_Zilina_2025_race017_poses,left,zilina_2025,0.7652771484649856,0.8435647342108198,570,347,166,30.0,OK,none
Speed_finals_Zilina_2025_race017_poses,right,zilina_2025,0.7537471886319608,0.8044624387383696,570,345,159,30.0,OK,none
Speed_finals_Zilina_2025_race018_poses,left,zilina_2025,0.806362870515949,0.7219427101339716,1140,857,166,30.0,OK,none
Speed_finals_Zilina_2025_race018_poses,right,zilina_2025,0.7733623386249233,0.8039756702891669,1140,735,184,30.0,OK,none
Speed_finals_Zilina_2025_race019_poses,left,zilina_2025,0.8257284847548374,0.7801866662920772,1320,1005,166,30.0,OK,none
Speed_finals_Zilina_2025_race019_poses,right,zilina_2025,0.7510363601866705,0.8450545316557729,1320,765,145,30.0,OK,none
Speed_finals_Zilina_2025_race020_poses,left,zilina_2025,0.8317129629629629,0.9083333333333332,540,383,166,30.0,OK,none
Speed_finals_Zilina_2025_race020_poses,right,zilina_2025,0.7571160478755786,0.8469827100208329,540,319,166,30.0,OK,none
Speed_finals_Zilina_2025_race021_poses,left,zilina_2025,0.765115262354738,0.6728067284312976,810,562,166,30.0,OK,none
Speed_finals_Zilina_2025_race021_poses,right,zilina_2025,0.619753086419753,0.4,810,437,810,30.0,WARNING,"low_extraction_quality(0.62), low_confidence(0.40), too_long(810 frames)"
Speed_finals_Zilina_2025_race022_poses,left,zilina_2025,0.7433393088775636,0.7554085175615365,780,475,166,30.0,OK,none
Speed_finals_Zilina_2025_race022_poses,right,zilina_2025,0.7888138972427503,0.8373068710222836,780,514,157,30.0,OK,none
Speed_finals_Zilina_2025_race023_poses,left,zilina_2025,0.7542395494667747,0.8351400160489172,660,390,166,30.0,OK,none
Speed_finals_Zilina_2025_race023_poses,right,zilina_2025,0.7249100269661448,0.863276471500943,660,342,205,30.0,OK,none
Speed_finals_Zilina_2025_race024_poses,left,zilina_2025,0.6579822661969561,0.7073258901846501,720,350,166,30.0,WARNING,low_extraction_quality(0.66)
Speed_finals_Zilina_2025_race024_poses,right,zilina_2025,0.75069024603575,0.8416498730318884,720,418,166,30.0,OK,none
Speed_finals_Zilina_2025_race025_poses,left,zilina_2025,0.760791599226738,0.8461966999372547,660,395,172,30.0,OK,none
Speed_finals_Zilina_2025_race025_poses,right,zilina_2025,0.7501485842033853,0.7581700943892988,660,410,166,30.0,OK,none
Speed_finals_Zilina_2025_race026_poses,left,zilina_2025,0.6593055555555556,0.8872222222222222,600,225,200,30.0,WARNING,low_extraction_quality(0.66)
Speed_finals_Zilina_2025_race026_poses,right,zilina_2025,0.6881944444444444,0.9027777777777778,600,255,186,30.0,WARNING,low_extraction_quality(0.69)
Speed_finals_Zilina_2025_race027_poses,left,zilina_2025,0.830652702476067,0.8126108099042683,600,453,166,30.0,OK,none
Speed_finals_Zilina_2025_race027_poses,right,zilina_2025,0.7559338262623992,0.7904019717162637,600,370,166,30.0,OK,none
Speed_finals_Zilina_2025_race028_poses,left,zilina_2025,0.7182065217391305,0.8583333333333333,690,350,166,30.0,OK,none
Speed_finals_Zilina_2025_race028_poses,right,zilina_2025,0.6971599902418357,0.777045758068792,690,349,165,30.0,WARNING,low_extraction_quality(0.70)
Speed_finals_Zilina_2025_race029_poses,left,zilina_2025,0.7872222222222223,0.8572222222222222,720,465,182,30.0,OK,none
Speed_finals_Zilina_2025_race029_poses,right,zilina_2025,0.6630555555555555,0.855,720,287,148,30.0,WARNING,low_extraction_quality(0.66)
Speed_finals_Zilina_2025_race030_poses,left,zilina_2025,0.7802450432831163,0.7992410426976827,690,456,166,30.0,OK,none
Speed_finals_Zilina_2025_race030_poses,right,zilina_2025,0.795332619294648,0.7610406221061283,690,490,217,30.0,OK,none
Speed_finals_Zilina_2025_race031_poses,left,zilina_2025,0.7392318720185341,0.8341204705302769,570,320,169,30.0,OK,none
Speed_finals_Zilina_2025_race031_poses,right,zilina_2025,0.8063503839837866,0.8639980271632165,570,388,177,30.0,OK,none
Speed_finals_Zilina_2025_race032_poses,left,zilina_2025,0.819336163939528,0.6796435063328252,870,695,166,30.0,OK,none
Speed_finals_Zilina_2025_race032_poses,right,zilina_2025,0.7483179347787093,0.7518924287700101,870,540,166,30.0,OK,none
Speed_finals_Zilina_2025_race033_poses,left,zilina_2025,0.8137605960967063,0.7439312732757141,630,476,166,30.0,OK,none
Speed_finals_Zilina_2025_race033_poses,right,zilina_2025,0.7074691112959212,0.85527327058051,630,307,182,30.0,OK,none
Speed_finals_Zilina_2025_race034_poses,left,zilina_2025,0.7124643968059481,0.7744952683832125,690,371,166,30.0,OK,none
Speed_finals_Zilina_2025_race034_poses,right,zilina_2025,0.8543048364923953,0.84330630249132,690,543,166,30.0,OK,none
Speed_finals_Zilina_2025_race035_poses,left,zilina_2025,0.7618799218985363,0.7649800050544626,630,404,173,30.0,OK,none
Speed_finals_Zilina_2025_race035_poses,right,zilina_2025,0.7285515873015872,0.8538888888888888,630,334,185,30.0,OK,none
Speed_finals_Zilina_2025_race036_poses,left,zilina_2025,0.759754762474344,0.7268978377761642,660,433,217,30.0,OK,none
Speed_finals_Zilina_2025_race036_poses,right,zilina_2025,0.6987402608054595,0.7585974068582018,660,342,214,30.0,WARNING,low_extraction_quality(0.70)
Speed_finals_Zilina_2025_race037_poses,left,zilina_2025,0.7655044945073175,0.7567269727382645,540,391,166,30.0,OK,none
Speed_finals_Zilina_2025_race037_poses,right,zilina_2025,0.547569873802214,0.7490096539390149,540,222,166,30.0,WARNING,low_extraction_quality(0.55)
Speed_finals_Zilina_2025_race038_poses,left,zilina_2025,0.7002696152305554,0.6754374352811959,780,439,225,30.0,OK,none
Speed_finals_Zilina_2025_race038_poses,right,zilina_2025,0.6984261286096626,0.7116532323873684,780,422,189,30.0,WARNING,low_extraction_quality(0.70)
Speed_finals_Zilina_2025_race039_poses,left,zilina_2025,0.7865211367057844,0.8598100370192161,510,328,175,30.0,OK,none
Speed_finals_Zilina_2025_race039_poses,right,zilina_2025,0.7772303921568628,0.9050000000000001,510,307,184,30.0,OK,none
Speed_finals_Zilina_2025_race040_poses,left,zilina_2025,0.7424366943780283,0.80678381454915,540,314,160,30.0,OK,none
Speed_finals_Zilina_2025_race040_poses,right,zilina_2025,0.7174110548494002,0.7881627379161192,540,292,138,30.0,OK,none
Speed_finals_Zilina_2025_race041_poses,left,zilina_2025,0.7699639590178922,0.7871022128831627,690,446,223,30.0,OK,none
Speed_finals_Zilina_2025_race041_poses,right,zilina_2025,0.49249488443992384,0.7004143203683909,690,323,166,30.0,WARNING,low_extraction_quality(0.49)
Speed_finals_Zilina_2025_race042_poses,left,zilina_2025,0.8376897819984298,0.7427591279937191,750,603,166,30.0,OK,none
Speed_finals_Zilina_2025_race042_poses,right,zilina_2025,0.7452188926960985,0.6997327136415371,750,534,166,30.0,OK,none
Speed_finals_Zilina_2025_race043_poses,left,zilina_2025,0.7487103174603175,0.8583333333333333,630,358,166,30.0,OK,none
Speed_finals_Zilina_2025_race043_poses,right,zilina_2025,0.7322023809523809,0.8494444444444444,630,340,189,30.0,OK,none
Speed_finals_Zilina_2025_race044_poses,left,zilina_2025,0.7126696821226882,0.8215120618240861,960,494,166,30.0,OK,none
Speed_finals_Zilina_2025_race044_poses,right,zilina_2025,0.6084910223360498,0.7104521845822943,960,553,166,30.0,WARNING,low_extraction_quality(0.61)
Speed_finals_Zilina_2025_race045_poses,left,zilina_2025,0.842685947579881,0.7329660125417461,900,737,166,30.0,OK,none
Speed_finals_Zilina_2025_race045_poses,right,zilina_2025,0.7138524836292633,0.7423940615011807,900,608,166,30.0,OK,none
Speed_finals_Zilina_2025_race046_poses,left,zilina_2025,0.790047174082119,0.7954828139755349,510,348,166,30.0,OK,none
Speed_finals_Zilina_2025_race046_poses,right,zilina_2025,0.7231617647058823,0.9083333333333332,510,251,166,30.0,OK,none
Speed_finals_Zilina_2025_race047_poses,left,zilina_2025,0.8416546408759532,0.7972491941344436,1110,871,166,30.0,OK,none
Speed_finals_Zilina_2025_race047_poses,right,zilina_2025,0.8313153258865843,0.7649009431859769,1110,866,167,30.0,OK,none
Speed_finals_Zilina_2025_race048_poses,left,zilina_2025,0.7342010952664682,0.7293969736584652,810,489,179,30.0,OK,none
Speed_finals_Zilina_2025_race048_poses,right,zilina_2025,0.7257565773732646,0.7919151983819472,810,450,165,30.0,OK,none
Speed_finals_Zilina_2025_race049_poses,left,zilina_2025,0.8257612872058444,0.7728864186646477,630,482,166,30.0,OK,none
Speed_finals_Zilina_2025_race049_poses,right,zilina_2025,0.7619951072833236,0.8098851910380565,630,390,201,30.0,OK,none
Speed_finals_Zilina_2025_race050_poses,left,zilina_2025,0.76506925324258,0.7170057914382291,690,562,225,30.0,OK,none
Speed_finals_Zilina_2025_race050_poses,right,zilina_2025,0.7200691570364005,0.7134029221414612,690,419,166,30.0,OK,none
Speed_finals_Zilina_2025_race051_poses,left,zilina_2025,0.7864942142616216,0.7593101903798196,750,520,166,30.0,OK,none
Speed_finals_Zilina_2025_race051_poses,right,zilina_2025,0.7465833333333334,0.8583333333333333,750,423,166,30.0,OK,none
Speed_finals_Zilina_2025_race052_poses,left,zilina_2025,0.7946819624817721,0.810611907898103,690,472,166,30.0,OK,none
Speed_finals_Zilina_2025_race052_poses,right,zilina_2025,0.7218787027978959,0.722297419887236,690,402,225,30.0,OK,none
Speed_finals_Zilina_2025_race053_poses,left,zilina_2025,0.6715277777777777,0.8583333333333333,720,298,166,30.0,WARNING,low_extraction_quality(0.67)
Speed_finals_Zilina_2025_race053_poses,right,zilina_2025,0.7034722222222223,0.8527777777777779,720,346,186,30.0,OK,none
Speed_finals_Zilina_2025_race054_poses,right,zilina_2025,0.6740277777777778,0.8427777777777777,600,256,137,30.0,WARNING,low_extraction_quality(0.67)
Speed_finals_Zilina_2025_race055_poses,left,zilina_2025,0.7935041484475955,0.6817089014826898,780,582,203,30.0,OK,none
Speed_finals_Zilina_2025_race055_poses,right,zilina_2025,0.7411819818525499,0.8313945940768662,780,442,156,30.0,OK,none
Speed_finals_Zilina_2025_race056_poses,left,zilina_2025,0.7282340390034341,0.7374975595225082,570,335,166,30.0,OK,none
Speed_finals_Zilina_2025_race056_poses,right,zilina_2025,0.651724314920949,0.8139148035434448,570,226,166,30.0,WARNING,low_extraction_quality(0.65)
Speed_finals_Zilina_2025_race057_poses,left,zilina_2025,0.634537746231617,0.7274843182598012,750,304,166,30.0,WARNING,low_extraction_quality(0.63)
Speed_finals_Zilina_2025_race057_poses,right,zilina_2025,0.67525,0.8583333333333333,750,316,166,30.0,WARNING,low_extraction_quality(0.68)
Speed_finals_Zilina_2025_race058_poses,left,zilina_2025,0.8229929127637827,0.6951462542297342,630,503,178,30.0,OK,none
Speed_finals_Zilina_2025_race058_poses,right,zilina_2025,0.700239847803393,0.7533403435945246,630,330,162,30.0,OK,none
Speed_finals_Zilina_2025_race059_poses,left,zilina_2025,0.7287911544146838,0.841831284325402,600,322,166,30.0,OK,none
Speed_finals_Zilina_2025_race059_poses,right,zilina_2025,0.6206944444444444,0.8561111111111112,600,188,149,30.0,WARNING,low_extraction_quality(0.62)
Speed_finals_Zilina_2025_race060_poses,left,zilina_2025,0.7975217548893654,0.8528321175966775,510,341,168,30.0,OK,none
Speed_finals_Zilina_2025_race060_poses,right,zilina_2025,0.7055147058823529,0.9083333333333332,510,233,166,30.0,OK,none
Speed_finals_Zilina_2025_race061_poses,left,zilina_2025,0.7357901490517422,0.7031605962069688,750,465,166,30.0,OK,none
Speed_finals_Zilina_2025_race061_poses,right,zilina_2025,0.7604706153131313,0.780549127919192,750,473,194,30.0,OK,none
Speed_finals_Zilina_2025_race062_poses,left,zilina_2025,0.6367952275806588,0.8085142436559687,750,277,166,30.0,WARNING,low_extraction_quality(0.64)
Speed_finals_Zilina_2025_race062_poses,right,zilina_2025,0.6418075681954438,0.6959921775436797,750,541,166,30.0,WARNING,low_extraction_quality(0.64)
Speed_finals_Zilina_2025_race063_poses,left,zilina_2025,0.739647929814002,0.6391777998420883,780,626,37,30.0,WARNING,too_short(37 frames)
Speed_finals_Zilina_2025_race063_poses,right,zilina_2025,0.7469466822906714,0.7416328830088394,780,486,182,30.0,OK,none
Speed_finals_Zilina_2025_race064_poses,left,zilina_2025,0.8324437389454918,0.8416797176867293,840,625,166,30.0,OK,none
Speed_finals_Zilina_2025_race064_poses,right,zilina_2025,0.7068452380952381,0.8583333333333333,840,407,166,30.0,OK,none
Speed_finals_Zilina_2025_race065_poses,left,zilina_2025,0.707790971804272,0.7599859423549326,570,346,166,30.0,OK,none
Speed_finals_Zilina_2025_race065_poses,right,zilina_2025,0.7207236842105263,0.8583333333333333,570,292,166,30.0,OK,none
Speed_finals_Zilina_2025_race066_poses,left,zilina_2025,0.6724450680786161,0.7731136056477981,840,385,166,30.0,WARNING,low_extraction_quality(0.67)
Speed_finals_Zilina_2025_race066_poses,right,zilina_2025,0.6861706349206349,0.8494444444444444,840,376,143,30.0,WARNING,low_extraction_quality(0.69)
Speed_finals_Zilina_2025_race067_poses,left,zilina_2025,0.6831560312375919,0.7538362461624891,660,323,194,30.0,WARNING,low_extraction_quality(0.68)
Speed_finals_Zilina_2025_race067_poses,right,zilina_2025,0.6865530303030303,0.8583333333333333,660,293,166,30.0,WARNING,low_extraction_quality(0.69)
Speed_finals_Zilina_2025_race068_poses,left,zilina_2025,0.8606072794450297,0.8073413984818735,570,466,159,30.0,OK,none
Speed_finals_Zilina_2025_race068_poses,right,zilina_2025,0.8508142139641941,0.8523796628743204,570,442,157,30.0,OK,none
Speed_finals_Zilina_2025_race069_poses,left,zilina_2025,0.873737534264224,0.6978486877815336,690,620,196,30.0,OK,none
Speed_finals_Zilina_2025_race069_poses,right,zilina_2025,0.7245187122746184,0.7995241244607928,690,379,166,30.0,OK,none
